"","name","rank","playerid","state"
"1","Player Name","RankPlayer NamePlayer IDStateRanking PointsGrand Total","Player ID","State"
"2","Kartikey Gulshan Kumar","1","3600","DLI"
"3","Tharun M.","2","6109","TS"
"4","Siddhanth Gupta","3","7344","TN"
"5","Raghu M. ","4","4097","KTK"
"6","Alap Mishra","5","6659","MP"
"7","Mithun M. ","6","4010","RLY"
"8","Varun Kapur","7","10406","MAH"
"9","Ansal  Yadav","8","3272","UP"
"10","Harsheel Dani","9","2797","MAH"
"11","Jagadeesh K.","10","5833","AP"
"12","Abhishek Saini","11","7894","CHG"
"13","Rohan Gurbani","12","6057","MAH"
"14","Kaushal Dharmamer","13","3477","MAH"
"15","Bhargav S.","14","16354","KTK"
"16","Sourabh  Varma","15","909","PET"
"17","Kartik Jindal","16","5436","HAR"
"18","Aditya  Joshi","17","2537","UTR"
"19","Yash  Yogi","18","4383","CG"
"20","Rahul Yadav C.","19","1461","TS"
"21","Siddharth Pratap Singh","20","4720","CG"
"22","Saneeth D. S.","20","8730","KTK"
"23","Maisnam Meiraba","21","6925","AAI"
"24","Rithvik Sanjeevi S.","22","10962","TN"
"25","Arunesh H. ","23","3866","TN"
"26","Lakshay Sharma","24","10817","PNB"
"27","Arya Bhivpathaki","25","4765","MAH"
"28","Priyanshu Rajawat","26","5985","MP"
"29","Sai Charan Koya","27","11932","AP"
"30","Subhankar Dey","28","2312","RLY"
"31","Adithya Bapineedu G.","29","6108","TS"
"32","Bharat Raghav","30","13997","HAR"
"33","Daniel Farid S.","31","3217","KTK"
"34","Tarun Reddy K.","32","12991","TS"
"35","Chirag Seth","33","17809","UP"
"36","Sathish Kumar K.","34","12604","TN"
"37","Srikanth K. ","35","2526","AP"
"38","Bodhit  Joshi","36","2614","UTR"
"39","Ravi ,","36","15700","HAR"
"40","Kiran  George","37","3755","KER"
"41","Darshan Pujari","38","11530","MAH"
"42","Talar  Laa ","39","2681","ANP"
"43","Siddhartha Mishra","40","10417","UP"
"44","Pranav Rao Gandham","41","19053","TS"
"45","Abhishek  Yeligar","42","3212","KTK"
"46","Pranay Katta","43","10203","RAJ"
"47","Pruthvi Roy K.","43","11080","KTK"
"48","Harshal Bhoyar","44","17571","CG"
"49","Abhinav Thakur","45","13803","PNB"
"50","Arjun Rehani","46","17533","DLI"
"51","Dhruv Kumar","47","5626","DLI"
"52","Aryamann  Tandon","48","3483","GUJ"
"53","Rishabh Deshpande","49","4251","MAH"
"54","Abhyansh Singh","50","10413","UP"
"55","Sanskar Saraswat","51","18778","RAJ"
"56","Munawer Mohammed","52","5085","KER"
"57","Ansh Vishal Gupta","53","13544","UP"
"58","Shantanu Sharma","54","8125","UP"
"59","Sarath D.","54","12000","AP"
"60","Tukum  Laa ","55","3946","ANP"
"61","Govind K.","56","14141","KER"
"62","Chirag  Sen","57","2304","RLY"
"63","Rahul Bhardhvaj B. M. ","58","4182","AI"
"64","Prathmesh Kulkarni","59","25862","MAH"
"65","Shreyansh Jaiswal","60","2992","CG"
"66","Aditya Chouhan","60","5986","MP"
"67","Harsh Arora","61","4568","HAR"
"68","Manish Kumar ,","61","12005","TS"
"69","Manraj Singh","61","17621","HAR"
"70","Ansh  Negi","62","15871","UTR"
"71","Dhruv Negi","62","18288","UTR"
"72","Adheep Gupta","63","18446","GUJ"
"73","Manav Choudhary","64","17461","HAR"
"74","Sai Praneeth B. ","65","1565","PET"
"75","Bhawesh Pandey","65","12894","UTR"
"76","Harsh Chaplot","66","10182","RAJ"
"77","Hemanth M.G.","67","8004","KTK"
"78","Gautam Walia","68","14734","HAR"
"79","Sankar Muthusamy S.","69","9420","TN"
"80","Ayush  Shetty","69","13918","KTK"
"81","Rudraksh Swarnkar","70","7198","CG"
"82","Rushendra Thirupathi","70","12659","TS"
"83","Neer Nehwal","70","17823","UP"
"84","Pranay Shettigar","70","35861","MAH"
"85","Shubham Patel","71","15858","RAJ"
"86","Lokesh Reddy K.","72","18955","TS"
"87","Balraj Kajla","73","6884","HAR"
"88","Aditya Mondal","74","15699","WB"
"89","Paras Mathur","75","14618","HAR"
"90","Sohit Hooda","75","16231","HAR"
"91","Naren Iyer","76","7263","KTK"
"92","Ankit  Kumar","77","1777","UP"
"93","Kanishq M. ","77","2815","TS"
"94","Koushiik C.S.","78","6134","TN"
"95","Harshit  Aggarwal","79","3215","KTK"
"96","Dhruv Rawat","79","6262","UTR"
"97","Vishal Vasudevan","79","9405","TN"
"98","Anirudh J.","79","9724","TN"
"99","Chirag Sharma","79","20324","PNB"
"100","Asmit Agarwal","79","20712","WB"
"101","Aakash ,","79","26571","DLI"
"102","Abhay Pratap ","79","28167","UP"
"103","Kiran Kumar M.","80","4666","TS"
"104","Jaskaran Singh","81","18297","HAR"
"105","Sankalp Chandragurala","81","20592","MAH"
"106","Siddharth ,","82","4566","HAR"
"107","Swadhin Gouda","82","9717","ORI"
"108","Shubham  Gusain","82","12286","DLI"
"109","Tabrez MD.","82","12456","BHR"
"110","Vaibhav Jadhav","82","14729","DLI"
"111","Avdhesh Jat","82","18300","MP"
"112","Yeshbardhan ,","82","19338","BHR"
"113","Naveen S.","82","19372","PY"
"114","Vakul Sharma","82","21753","PNB"
"115","Samarveer ,","82","22313","CHG"
"116","Zuchopemo Odyuo","82","37228","NAG"
"117","Srikar Rajesh","83","8251","KTK"
"118","Siddhant Salar","83","9494","UP"
"119","Abhinn Vasisth","83","12260","HAR"
"120","Sathwik Reddy K.","83","14262","TS"
"121","Krishna Kinger","83","26572","DLI"
"122","Jacob Thomas","84","4654","KER"
"123","Ajay  Meena","84","7704","RAJ"
"124","Bidyasagar Salam","84","15204","MNP"
"125","Dhruv Bansal","84","22310","CHG"
"126","Nikhil S. Sriram","85","3990","KTK"
"127","Aakash Yadav","85","5333","DLI"
"128","Aditya Gupta","85","7716","TS"
"129","Ajay Satish Kumar Nair","85","15009","KER"
"130","Abhinaav K.","85","15622","TN"
"131","Aadithyan S.D","85","15774","KER"
"132","Pankaj ,","85","17625","HAR"
"133","Gagan ,","85","17761","HAR"
"134","Aditya Verma","85","17802","UP"
"135","Vighnesh Thathineni","85","18264","TS"
"136","Venkata Sai Himadeep Amanchi","85","18648","AP"
"137","Manish Phogat","85","19316","RAJ"
"138","Rishaank ,","85","43021","UP"
"139","Saurav  Kapoor","86","644","RBI"
"140","Vipul  Saini","86","866","J&K"
"141","Prannoy H. S. ","86","1899","PET"
"142","Bhaskar Chkraborty","86","2722","RBI"
"143","Gaurav Parmar ","86","3542","CAG"
"144","Orijit Chaliha","86","4436","ASM"
"145","Kevin Wong C.C","86","4452","CHG"
"146","Ayan  Rashid","86","7949","ASM"
"147","Mebanker Chullai","86","8198","MEG"
"148","Rituraj Nag","86","8199","MEG"
"149","Karan Choudhary","86","9597","HP"
"150","Sidarth T.","86","9635","TN"
"151","Subhodeep Mondal","86","9881","WB"
"152","Leihong Konyak","86","10691","NAG"
"153","Himanish Das","86","11905","ASM"
"154","Ankit Mondal","86","12238","WB"
"155","Soumyadeep Saha","86","13047","TPR"
"156","Bishalaksha Podder","86","13048","TPR"
"157","Hemachandran S.","86","15586","PY"
"158","Riku Khape","86","16085","NAG"
"159","Umakant Sarge","86","17396","GOA"
"160","Harjeev Singh","86","18250","HAR"
"161","Uttam Jindal","86","19694","SKM"
"162","Ayush  Makhija","86","20630","CG"
"163","Lalhruaitluanga Joseph ","86","23299","MIZ"
"164","Karan Dhavaskar ","86","24597","GOA"
"165","Nimtenzing Sherpa","86","25777","SKM"
"166","Shubham Senger","86","27949","UP"
"167","Priyanshu Tirkey","86","30620","JAR"
"168","Saitluangpuia Sailo","86","30691","MIZ"
"169","M. Anshad","86","31941","A&N"
"170","Bhavya Sharma","86","32403","J&K"
"171","Ritesh Kumar","86","34406","BHR"
"172","Balwant ,","86","48451","A&N"
"173","Bikon Boje","86","48644","ANP"
"174","Siddharath Thakur","87","2870","MAH"
"175","Gopalakrishna Reddy D.","87","4662","TS"
"176","Aman  Kumar","87","4788","HAR"
"177","Rohit Singh","87","6022","CG"
"178","Rohith M.","87","6399","KTK"
"179","Sanjay Thakur","87","6485","MP"
"180","Rhitvik Mohanty","87","6536","PNB"
"181","Iman Sonowal","87","7242","ASM"
"182","Jaiditya Pratap Singh","87","8960","CG"
"183","Abilash B.","87","9686","KTK"
"184","Parth Mehata","87","10180","RAJ"
"185","Charan Naik Kelavathu","87","10340","AP"
"186","Tushar Suveer","87","10480","KTK"
"187","Sabreeshwaran H.","87","10686","TN"
"188","Anishraj R.","87","11672","TN"
"189","Shashaank Sai M.","87","12293","TS"
"190","Siddhartha Turaga","87","12501","TS"
"191","Kavin Thangam","87","12868","TN"
"192","Yash Shah","87","13182","MAH"
"193","Shivam Mehta","87","13943","UTR"
"194","Mayank Choudhary","87","14913","DLI"
"195","Aarush Srivastav","87","15270","UP"
"196","Rajan Yadav","87","15271","UP"
"197","Jeshwin Arul J.","87","15634","TN"
"198","Rounak Chouhan","87","15870","CG"
"199","Mamik Guleria","87","15880","CHG"
"200","Wasim  Shaikh","87","15918","MAH"
"201","Numair Shaik","87","16082","AP"
"202","Sanjay S. Nair","87","16398","KER"
"203","Abhinay Sairam Ganta","87","16537","TS"
"204","Manoj D.N.","87","16824","TN"
"205","Ayush Raj Gupta","87","16982","UP"
"206","Aditya Das","87","17124","CG"
"207","Sataksh Singh","87","17482","DLI"
"208","Prajwal Sonawane","87","17575","MAH"
"209","Saahas Kumar Potipi Reddi","87","17953","TS"
"210","Vaasu Himmatramka","87","18043","DLI"
"211","Nikhil Chetry","87","18292","ANP"
"212","Akash Singh ,","87","18451","UP"
"213","Aruj Maheshwari","87","18810","KTK"
"214","Aryan Shetty","87","18953","MAH"
"215","Sahil Sharma","87","18957","DLI"
"216","Sathyamoorthy V.","87","20080","TN"
"217","Harshit Thakur","87","20217","CG"
"218","Shashwat Dalal","87","20577","HAR"
"219","Rudra Shahi","87","20584","KTK"
"220","Vedant Sharma","87","21205","RAJ"
"221","Suveer Pradhan","87","21369","MAH"
"222","Aman Suresh S.M.","87","21793","KER"
"223","Nandivardha Mummana","87","22002","AP"
"224","Surya  Pratap Singh","87","22033","UP"
"225","Abhishek Mondalika Venkat","87","22443","CG"
"226","Uma Maheswar Reddy Gopireddy","87","22793","AP"
"227","Khiruthic C.","87","23355","TN"
"228","Harshit Tomar","87","24671","UP"
"229","Gnana Harsha Jetty","87","25065","AP"
"230","Neetha A.","87","25334","TS"
"231","Akarshit Sharma","87","26117","PNB"
"232","Venkata Sai Harshit Tummala","87","26683","TS"
"233","Arv Nagpal","87","26739","DLI"
"234","Nishnat Galande","87","30194","MAH"
"235","Bharadwaj Balasubramanian","87","30457","TN"
"236","Ginpaul S.","87","31852","DLI"
"237","Vipransh Singh","87","31959","UP"
"238","Raghvender ,","87","31993","DLI"
"239","Sree Yashwanth A. S.","87","33257","TN"
"240","Player Name","RankPlayer NamePlayer IDStateRanking PointsGrand Total","Player ID","State"
"241","Akshan Shetty","1","5207","MAH"
"242","Deep Rambhiya","1","6123","MAH"
"243","Prakash Raj S.","2","12020","KTK"
"244","Ruban Kumar R.","3","16770","TN"
"245","Hariharan Amsakarunan","3","30079","TN"
"246","Pruthvi Roy K.","4","11080","KTK"
"247","Kushal Raj S. ","5","16364","KTK"
"248","Suraj Goala","6","18860","ASM"
"249","Gouse Shaik ","7","13614","AP"
"250","Nithin H.V. ","8","11082","KTK"
"251","Manjit Singh Khwairakpam","9","13312","MNP"
"252","Dingku Sing Konthoujam","9","15202","MNP"
"253","Siddarth Elango","10","5804","TS"
"254","Sankarprasad Udayakumar","11","7254","KER"
"255","Achutaditya Rao Doddavarapu","12","8594","TS"
"256","Venkata Harsha Vardhan Rayudu V.","12","21644","AP"
"257","Ravikrishna P.S.","13","20770","KER"
"258","Anjan Buragohain","14","4532","ASM"
"259","Ranjan Buragohain","14","4533","ASM"
"260","Lokesh V. ","15","3971","TN"
"261","Viplav Kuvale","16","7660","MAH"
"262","Viraj Kuvale","16","7662","MAH"
"263","Hemanagendra Babu T. ","17","2924","RLY"
"264","Vaibhaav .","18","11728","KTK"
"265","Naveen P.","19","15375","TN"
"266","Sanjai Srivatsa D.","20","4508","PY"
"267","Sanyam Shukla","21","2892","AI"
"268","Yash  Raikwar","22","4053","MP"
"269","Mohammad Amaan ","22","20544","RAJ"
"270","Ayush  Pattnayak","23","13536","ORI"
"271","Abinash Mohanty","23","26467","ORI"
"272","Dhruv Rawat","24","6262","UTR"
"273","Tushar Sharma","25","6253","CAG"
"274","Arun  George","26","2469","AI"
"275","Brijesh Yadav","27","8500","UP"
"276","Sai Pratheek K.","28","4255","KTK"
"277","Vishnu SreeKumar","29","19011","KER"
"278","Rohit Jayakumar R.","29","19012","KER"
"279","Shivam  Sharma","30","2542","RBI"
"280","Kabir  Kanzarkar","31","4331","RLY"
"281","Vinay Kumar Singh","32","6330","CAG"
"282","Chirag  Sen","33","2304","AAI"
"283","Chayanit Joshi","34","6263","UTR"
"284","Akshit  Mahajan","35","1567","HAR"
"285","Kaustubh Rawat","36","2683","DLI"
"286","Swarnaraj Bora","36","3948","DLI"
"287","Bennet  Antony","37","1553","KER"
"288","Ashith Surya","38","6992","KTK"
"289","Mohanraj E.","38","22373","TN"
"290","Kishal G.","39","12774","KTK"
"291","Chandra Gopinadh P.","39","19627","AP"
"292","Pratik Ranade","40","12935","MAH"
"293","Tarun K. ","41","831","PET"
"294","Sangram Chutia","41","3124","ASM"
"295","Sai Pavan Karri","42","7477","AP"
"296","Harsh  Rana","43","15819","DLI"
"297","Hardik Makkar","44","5435","HAR"
"298","Shubham Patel","45","15858","RAJ"
"299","Iman Sonowal","46","7242","ASM"
"300","Ishaan Bhatnagar","46","8959","AI"
"301","Shashank  H.N.","46","15177","KTK"
"302","Vasantha Kumar H. R.","47","5837","KTK"
"303","Mauryan K.","47","12211","TN"
"304","Santhosh Gajendran","47","21885","TN"
"305","Sujey Tamboli","48","10627","CG"
"306","Arjunkrishnan Rajaram","48","22395","TN"
"307","Ayush Agarwal","49","23931","UP"
"308","Akshay Raut","50","8695","RLY"
"309","Aravind.V. Suresh","50","12208","KER"
"310","Ayush  Makhija","51","20630","CG"
"311","Sumeeth Reddy B.","52","1570","TS"
"312","Abhishek Saini","53","7894","HAR"
"313","Abhinav Thakur","53","13803","PNB"
"314","Diju V. ","54","63","PET"
"315","Rupesh Kumar K. T.","54","99","PET"
"316","Nitin Kumar","55","8872","DLI"
"317","Tushar Gagneja","56","17393","UP"
"318","Aman Nandal ","56","17794","HAR"
"319","Shubham Patil","57","17710","MAH"
"320","Shiva Sankar E.J.","57","20764","KER"
"321","Chirag  Shetty","58","3476","MAH"
"322","Dhruv  Kapila","58","4371","AI"
"323","Venket Gaurav Prasad","58","8325","CG"
"324","Vedant Sharma","58","21205","RAJ"
"325","Chandra Kumar D. ","59","3473","AP"
"326","Nanda Gopal K. ","60","1822","CAG"
"327","Abhyuday Choudhary","60","24835","RAJ"
"328","Zhakuo Seyie","61","8470","NAG"
"329","Keerthi Sasank Ayyagari Phani","61","8586","TS"
"330","Manish Kumar ,","61","12005","TS"
"331","Shubham Sharma","61","25550","UP"
"332","Himanshu Mittal","61","26736","UP"
"333","Rudraksh Swarnkar","62","7198","CG"
"334","Kush Chugh","63","8310","HAR"
"335","Jaiditya Pratap Singh","64","8960","CG"
"336","Uneeth Krishna B.V.","64","14970","TS"
"337","Varshith Reddy B.","64","16943","TS"
"338","Shashank Chhetri","64","17763","UTR"
"339","Vighnesh Thathineni","64","18264","TS"
"340","Vighnesh Devlekar","65","3981","MAH"
"341","Sudhish Venkant G.","65","5040","TS"
"342","Vikas  Yadav","65","5334","GOA"
"343","Hari Bharathi B.","65","14054","TN"
"344","Numair Shaik","65","16082","AP"
"345","Eshaan Duggal","65","17544","DLI"
"346","Kamal Krishnan S.","65","18053","KER"
"347","Bharath Sanjai S.","65","19048","TN"
"348","Saravanan K.","65","31174","TN"
"349","Purushothaman N.","65","31252","TN"
"350","Adhin K. Ajay","65","37634","KER"
"351","Love Kumar","66","2209","PNB"
"352","Sonam Tamang","66","7228","ANP"
"353","Rajat Saini","66","7893","HAR"
"354","Anurag Kumar ,","66","12907","JAR"
"355","Saksham Gupta","66","14661","JAR"
"356","Vanlalringngheta Joseph","66","15686","MIZ"
"357","Riku Khape","66","16085","NAG"
"358","Chau Kiyon Manpang","66","28915","ANP"
"359","Saitluangpuia Sailo","66","30691","MIZ"
"360","Rohenkumar Singh Haobijam","66","31984","MNP"
"361","Alen Singh Rajkumar","66","35484","MNP"
"362","Mayank Rana","67","12725","HAR"
"363","Divyam Arora","67","25872","UP"
"364","Prabhjeet Singh Chhabra","68","22056","CG"
"365","Abhishek Mondalika Venkat","68","22443","CG"
"366","Chaitanya Reddy K.","69","2382","RLY"
"367","Shyam  Prasad","69","2868","KER"
"368","Kartik Jindal","69","5436","HAR"
"369","Vimalraj A.","69","5820","TN"
"370","Ajinkya Patharkar","69","7788","MAH"
"371","Navin Prasanth E.","69","7905","TN"
"372","Edwin Joy ","69","12206","KER"
"373","Balkeshwari Yadav","69","15269","UP"
"374","Arya Thakore","69","19174","MAH"
"375","Dhruv Thakore","69","19175","MAH"
"376","Arsh Mohammad","69","26406","UP"
"377","Sangeeth Das","70","5103","KER"
"378","Lokeshwaran R.","70","5782","PY"
"379","Nicholas Nathan Raj","70","9885","KTK"
"380","Tushar Suveer","70","10480","KTK"
"381","Mohamed Arfin Shah S.","70","11790","TN"
"382","Kathiravun C.M.","70","13711","TN"
"383","Arryan Aji. R","70","15011","KER"
"384","Meharpreet Singh Sawhney","70","15927","DLI"
"385","Pankaj ,","70","17625","HAR"
"386","Aryan Hooda","70","17795","HAR"
"387","Vinay Aranipadath","70","18049","KER"
"388","Krish Desai","70","33895","MAH"
"389","Vipul  Saini","71","866","J&K"
"390","Dibyajyoti  Borah","71","1116","ASM"
"391","Arjun Kumar Reddy M.","71","1993","CAG"
"392","Yuvaraj ,","71","2630","PY"
"393","Keifer  Shullai","71","2780","MEG"
"394","Rajat  Kang","71","2902","HP"
"395","Piyush  Bobade","71","4049","MP"
"396","Aman Raikwar","71","4054","MP"
"397","Aditya Mhatre","71","4106","MAH"
"398","Krishna Prasad G.","71","4216","AP"
"399","Nihar  Kelkar","71","4301","MAH"
"400","Purushottam  Awate","71","4310","GUJ"
"401","Himanshu Tiwari","71","5183","UTR"
"402","Tejan Fallary","71","6425","GOA"
"403","Vishnuvardhan Goud P.","71","6669","TS"
"404","Varaprasad Kanakala","71","7411","AP"
"405","Shreesh Bisht","71","7937","UTR"
"406","Ayan  Rashid","71","7949","ASM"
"407","Ayad Rashid","71","8149","ASM"
"408","Rituraj Nag","71","8199","MEG"
"409","Srikar Madina","71","8601","TS"
"410","Karan Choudhary","71","9597","HP"
"411","Navyaranjan Das","71","9989","ASM"
"412","Ankit Mondal","71","12238","WB"
"413","Aryan Pratap","71","12381","BHR"
"414","Tabrez MD.","71","12456","BHR"
"415","Soumyadeep Saha","71","13047","TPR"
"416","Arjun Fallary","71","15259","GOA"
"417","Sohail Ahmed","71","18625","UTR"
"418","Samaksh Dhalta","71","19019","HP"
"419","Bhavin Jadhav","71","19312","GUJ"
"420","Laldintluanga Tlau","71","19380","MIZ"
"421","Siddharth Gupta","71","19696","SKM"
"422","Asmit Agarwal","71","20712","WB"
"423","Amlan Keshari Garnaik","71","25412","ORI"
"424","Nakul Vaid","71","26902","J&K"
"425","Devon Da Dungmali","71","29103","SKM"
"426","M. Anshad","71","31941","A&N"
"427","Parthiv Parthiv","71","37752","HP"
"428","Lalrinawma ,","71","45803","MIZ"
"429","Manmohan Kushwah","71","47884","TPR"
"430","Balwant ,","71","48451","A&N"
"431","Tanmaya Kumar Sahu","71","48804","ORI"
"432","Sunjith S. ","72","2996","KER"
"433","Manjush Mohan  K. K. ","72","3314","CAG"
"434","Gaurav Parmar ","72","3542","CAG"
"435","Aman Farogh Sanjay","72","3982","AI"
"436","Jacob Thomas","72","4654","KER"
"437","Siddharth Pratap Singh","72","4720","CG"
"438","Rohith M.","72","6399","KTK"
"439","Sanjay Thakur","72","6485","MP"
"440","Hemanth M.G.","72","8004","KTK"
"441","Tonmoy Bikash Boruah","72","8297","ASM"
"442","Akash Chandran","72","8538","TS"
"443","Sidarth T.","72","9635","TN"
"444","Abilash B.","72","9686","KTK"
"445","Ganesh Vittalji Kokani","72","10227","KTK"
"446","Sai Satya Sarvesh Yakala","72","10408","PY"
"447","Sravanth Suri","72","10783","TS"
"448","Saikat Banerjee","72","12236","WB"
"449","Thamarai Selvam A.","72","12527","TN"
"450","Karthikeyan M.","72","12864","TN"
"451","Nibir Ranjan Choudhury","72","13071","ASM"
"452","Jain Nigam","72","13163","KTK"
"453","Aarush Srivastav","72","15270","UP"
"454","Rajan Yadav","72","15271","UP"
"455","Aditya Mondal","72","15699","WB"
"456","Dhanvantry Shavak Parashar","72","16333","UTR"
"457","Bhargav S.","72","16354","KTK"
"458","Aman Noushad","72","16585","KER"
"459","Sathiya Niranjan M.A.","72","16828","TN"
"460","Sai Prudhvi Saranam","72","18266","TS"
"461","Lucky ,","72","18572","DLI"
"462","Yogesh Kumar","72","18574","DLI"
"463","Gnana Dattu T.T.","72","18736","TS"
"464","Sanskar Saraswat","72","18778","RAJ"
"465","Sri Mohit Veera Venkata Satyan K.","72","18927","AP"
"466","Sankalp Chandragurala","72","20592","MAH"
"467","Anirudh P.","72","20891","TN"
"468","Raj Shukla","72","21931","RAJ"
"469","Ayaaz Malik","72","22008","DLI"
"470","Prakhar Banchhor","72","25087","MP"
"471","Dhileepan V.","72","25109","TN"
"472","Aryan Sharma","72","25137","DLI"
"473","Bhuvan Singh","72","25320","RAJ"
"474","Shivam Srivastav","72","26649","UP"
"475","Pradeep  Chaudhary","72","28409","UP"
"476","Daksh Gautam","72","30213","UP"
"477","Devvart Mann","72","30829","HAR"
"478","Gobinath V.","72","33217","TN"
"479","Sourabh Nain","72","35057","HAR"
"480","Rangesh V. S.","72","38637","TN"
"481","Adithya Varma","72","40793","KTK"
"482","Vishal Mahar","72","46552","UTR"
"483","Player Name","RankPlayer NamePlayer IDStateRanking PointsGrand Total","Player ID","State"
"484","Adita Rao","1","16557","GUJ"
"485","Anupama Upadhyaya","2","17285","HAR"
"486","Shruti Mundada","3","5058","MAH"
"487","Mansi Singh","4","12279","UP"
"488","Purva Barve","5","6899","MAH"
"489","Isharani Baruah","6","21496","ASM"
"490","Ira Sharma","7","8208","HAR"
"491","Aditi Bhatt","8","13446","UTR"
"492","Shriyanshi Valishetty","9","17479","TS"
"493","Aashi Rawat","10","13979","DLI"
"494","Meghana Reddy M. ","11","12505","TS"
"495","Ashmita  Chaliha","12","3107","ASM"
"496","Unnati Hooda","13","18296","HAR"
"497","Deepshikha Singh","14","17509","DLI"
"498","Sakshi Phogat","15","19315","RAJ"
"499","Surya Charishma Tamiri","16","18137","AP"
"500","Madhumita Narayan","17","24756","MAH"
"501","Aalisha Naik","18","16737","MAH"
"502","Tasnim Mir","19","14604","GUJ"
"503","Anura Prabhudesai","20","2957","RLY"
"504","Devika Sihag","20","18383","HAR"
"505","Sreshta Reddy K.","21","21251","TS"
"506","Shriyanshi  Pardeshi","22","2418","MP"
"507","Saad Dharmadhikari","23","18407","MAH"
"508","Tanya Hemanth","24","8267","KTK"
"509","Aakarshi Kashyap","25","7196","AAI"
"510","Tara Shah","26","15082","MAH"
"511","Deepshika Neredimelli","27","22756","TS"
"512","Pranavi N. ","28","15052","TN"
"513","Likhita Srivastava","29","15300","DLI"
"514","Shreya Lele","30","20926","GUJ"
"515","Vijetha Harish","31","10488","KTK"
"516","Bhavya Rishi ","32","6291","DLI"
"517","Malvika Bansod","33","7658","MAH"
"518","Maheshwari Devi Kshetrimayum","34","19221","MNP"
"519","Rhucha Sawant","35","17423","MAH"
"520","Neha  Pandit","36","707","MAH"
"521","Amolika Singh","37","10415","UP"
"522","Navya Kanderi","38","19030","AP"
"523","Hrissha Dube","39","10939","MAH"
"524","Taneesha Singh","40","9641","UP"
"525","Radhika Sharma","40","13809","PNB"
"526","Smit Toshniwal","41","6292","MAH"
"527","Jiya Rawat","42","18174","HAR"
"528","Abhilasha A.","43","11979","TS"
"529","Prerna Shet","44","20944","KTK"
"530","Namita Pathania","45","8536","DLI"
"531","Uthsava Palit","46","9880","WB"
"532","Trisha Hegde","47","7142","KTK"
"533","Vaidehi  Choudhari","47","7330","MAH"
"534","Anjana Kumari ,","48","12264","GOA"
"535","Aishani Tiwari","49","20721","GUJ"
"536","Mihika Bhargav","50","17464","MP"
"537","Akanksha Matte","51","18649","AP"
"538","Akshaya Arumugam","52","14758","TN"
"539","Drithi Yatheesh","53","7144","KTK"
"540","Riya Mookerjee","54","3277","RLY"
"541","Awantika Pandey","55","13511","UTR"
"542","Tanishq M. ","56","3152","AP"
"543","Janani Ananthakumar","57","14688","KTK"
"544","Meenal Rautela","58","21948","DLI"
"545","Kanika Kanwal","59","3156","RLY"
"546","Anmol Kharb","59","29173","HAR"
"547","Tanvi Sharma","60","18035","PNB"
"548","Pranavi C. S.R.","61","14550","AP"
"549","Kavipriya S.","62","9950","PY"
"550","Keyura Mopati","63","8583","TS"
"551","Divyanshi Sharma","64","10835","UTR"
"552","Sutanwi Sarkar","65","20713","WB"
"553","Ananya Parween","66","9385","KTK"
"554","Gayathri Rani Jaiswal","67","14197","KTK"
"555","Unnati Bisht","68","5159","UTR"
"556","Kajal Panwar","68","25256","UP"
"557","Raksha Kandasamy","69","19846","MAH"
"558","Megha S.","69","31273","KER"
"559","Rasika Raje","70","3534","RBI"
"560","Stuti Agrawal","70","20204","DLI"
"561","Sai Uttejitha Rao Ch.","71","5763","AP"
"562","Jahnavi Nammi","72","21211","AP"
"563","Riduvarshini Ramasamy","72","36742","TN"
"564","Prerana Alvekar","73","17588","MAH"
"565","Rujula Ramu","73","19464","KTK"
"566","Shravya Dande","74","18304","TS"
"567","Akshita Manral","74","33451","UTR"
"568","Pragnya K.P.S.","75","14997","AP"
"569","Shenan Christian","76","3493","GUJ"
"570","Rituparna Das","77","2885","TS"
"571","Anandita Tamra","77","25198","RAJ"
"572","Preethi K.","78","6082","TS"
"573","Sneha Rajwar","78","13510","UTR"
"574","Pavithra Naveen","78","19134","KER"
"575","Aishwarya Mehta","78","22472","MP"
"576","Ananya Gadgil","78","31860","MAH"
"577","Rijul Saini","79","24832","HAR"
"578","Gloria Athavale V.","80","17147","KTK"
"579","Nazrin Farza ","81","26108","KER"
"580","Saloni Kumari","82","20827","BHR"
"581","Prashansa Bonam","82","21057","TS"
"582","Tanoo Chandra","82","22055","CG"
"583","Unnati Jaral ,","82","22504","J&K"
"584","Samiya Imad Farooqui ","83","8871","TS"
"585","Mrunmayee Deshpande","83","9712","MAH"
"586","Aadya Variyath","83","11762","TN"
"587","Sneha Singh","83","29492","UP"
"588","Yashvi Bhat","83","41029","DLI"
"589","Nishita Varma Pakalapati","84","7332","AP"
"590","Deepta   S.","84","16831","TN"
"591","Diya Borah","85","10037","ASM"
"592","Rikshita Chaliha","85","13370","ASM"
"593","Andrea Sarah Kurien","85","19875","KER"
"594","Sujitha C.","85","21949","PY"
"595","Sejjal Joshi","85","22433","MEG"
"596","Meenakshi Vinu","85","23941","KER"
"597","Lalthazuali Abigail","85","35384","MIZ"
"598","Shekhotolu Puro","85","37439","NAG"
"599","Winona S.","86","6142","TN"
"600","Anjali  Pradip","86","7818","KER"
"601","Adya Parashar","86","12656","DLI"
"602","Praveena S.","86","12880","TN"
"603","Khushi Thakkar","86","13610","DLI"
"604","Riya Habbu","86","15458","MAH"
"605","Mamaikya Lanka","86","17864","AP"
"606","Nupur Wadhwa","86","18259","HAR"
"607","Samayara Panwar","86","19336","UP"
"608","Naishaa Kaur Bhatoye","86","20455","MAH"
"609","Prutha Dekate","86","20653","MAH"
"610","Rakshitha Sree S.","86","22887","TN"
"611","Muskan Sangwan","86","23011","HAR"
"612","Rutvi Baloni","86","23030","GUJ"
"613","Sheena Narwal","86","29051","HAR"
"614","Yajum  Laa","87","3945","ANP"
"615","Akanksha Pandey","87","13556","HP"
"616","Rashmitha Donepudi","87","15991","AP"
"617","Manya Ralhan","87","21416","PNB"
"618","Ruth Misha Vinod","88","938","KTK"
"619","Himanshi Rawat","88","5174","UTR"
"620","Neysa Cariappa A.","88","14698","KTK"
"621","Sakshi Gahlawat","88","15782","HAR"
"622","Vidushi Singh","88","17481","DLI"
"623","Srinitya Naraharisetti","88","18054","AP"
"624","Janani Suresh Kumar","88","21128","TN"
"625","Muskaan Khan","88","21476","KTK"
"626","Anoushka Kumar","88","22442","DLI"
"627","Devika Kawale","88","26031","MAH"
"628","Ojal Rajak","88","28654","MAH"
"629","Tanisha Singh","88","34395","RAJ"
"630","Mayuri Barman","88","35295","ASM"
"631","Sri Krishna Priya K. ","89","3658","RBI"
"632","Pinky Karki","89","5632","ANP"
"633","Garima Singh","89","7445","CHG"
"634","Maithili Pal","89","9740","TPR"
"635","Gauri Chitte","89","10425","MP"
"636","Angita Naorem","89","10553","MNP"
"637","Rashika Das","89","12268","WB"
"638","Pragya Juliani Bodra","89","13051","JAR"
"639","Tejaswani Thakur","89","13561","HP"
"640","Reeva Evangelin M.","89","14575","TN"
"641","Atmajayita Ray Barman","89","15436","TPR"
"642","Yashica ,","89","15792","HAR"
"643","Disha  Sarma","89","16107","ASM"
"644","Sarah Sharma","89","16937","JAR"
"645","Gowrikrishna T.R.","89","17721","KER"
"646","Vilinda Chanu Huidrom","89","17770","MNP"
"647","Swati  Solanki","89","18931","MP"
"648","Karishma Khardikar","89","21104","CG"
"649","Adarshini Shri N.B.","89","23066","TN"
"650","Sunandita Bista","89","24953","SKM"
"651","Janhavi Mahale","89","25305","GOA"
"652","Sruti Swain","89","25414","ORI"
"653","Swagatika Rout","89","26337","ORI"
"654","Elsarica Umdor","89","26594","MEG"
"655","Krishika Mahajan","89","28849","J&K"
"656","Puja Dolui","89","29505","WB"
"657","Anisha  Rai","89","29939","SKM"
"658","Prabha Wati S.","89","31457","A&N"
"659","Montilly Pul","89","32091","ANP"
"660","Jananika R.","89","35100","PY"
"661","Lalrempuii ,","89","35382","MIZ"
"662","Pooja G.","89","45670","A&N"
"663","Anita  Ohlan","90","943","RLY"
"664","Nisha  Karamchand","90","2167","CHG"
"665","Gandhi Kavya ","90","5628","DLI"
"666","Akshita  A.","90","5677","AP"
"667","Nivetha M.","90","6146","TN"
"668","Shrishti Gupta","90","8389","MP"
"669","Princhee Das","90","10003","ASM"
"670","Tanishka Deshpande","90","11535","MAH"
"671","Akshaya A. ","90","12215","TN"
"672","Seema Sharma","90","13592","RAJ"
"673","Arundhati M.N.","90","13640","KTK"
"674","Liza Taank","90","14601","PNB"
"675","Methini V.D.","90","15571","TN"
"676","Dhanyaa Sri S.","90","15628","TN"
"677","Pinak Rokde","90","15849","MAH"
"678","Hiral Chouhan","90","15869","CG"
"679","Bhavini Dalpatia","90","15909","J&K"
"680","Karnika Sree S.","90","16386","KTK"
"681","Sri Gayathri S.","90","16420","TN"
"682","Shivani Vaishnav Devi Gangula  ","90","16531","AP"
"683","Jayantika Rathore","90","17569","KTK"
"684","Niki Rapria","90","17624","HAR"
"685","Sivaranjani Sivakumar","90","18465","TN"
"686","Ayushi Bhat","90","20446","KTK"
"687","Siya Singh","90","20456","MAH"
"688","Ananya Durugkar","90","20545","MAH"
"689","Phani Vennela Mudunuri","90","20624","TS"
"690","Suhina Roy","90","20922","KTK"
"691","Jayantika Rautela","90","21405","UTR"
"692","Kanika Balhara","90","21735","HAR"
"693","Priya Singh","90","21905","DLI"
"694","Niyati Alok","90","22658","GUJ"
"695","Ananya Agrawal","90","23097","MAH"
"696","Sneha  S.","90","23343","KTK"
"697","Chitwan Khatri","90","23768","HAR"
"698","Sanika Patankar","90","24082","MAH"
"699","Sadhana Fenelon","90","24168","TN"
"700","Aditi Kashnia","90","24284","RAJ"
"701","Durga Isha Kandrapu","90","25240","AP"
"702","Aarya Korgaonkar","90","25302","MAH"
"703","Ashe Singh","90","25551","UP"
"704","A Bhonsle Driti","90","25746","TS"
"705","Tanvi Reddy Andluri","90","25982","TS"
"706","Sruthika Senthil","90","26192","TN"
"707","Aneri Kotak","90","26335","GUJ"
"708","Keerthy Manchala","90","28148","TS"
"709","Skiedeep Kour","90","28510","J&K"
"710","Naina Chauhan","90","28585","DLI"
"711","Saanvi Chugh","90","28801","DLI"
"712","Nehal Gosawi","90","29600","MAH"
"713","Ruchi Chahal","90","29752","HAR"
"714","Aroma Zahid","90","30764","DLI"
"715","Sunaina Malik","90","32057","HAR"
"716","Poojitha Gadiraju","90","32233","AP"
"717","Medhavi Nagar","90","34970","HAR"
"718","Sakshi Kurbkhelgi","90","35461","GOA"
"719","Taranjeet Kaur","90","35607","UP"
"720","Nimar Kaur Virk","90","36174","CHG"
"721","Jasmeet Kaur","90","36388","CHG"
"722","Tanu Malik","90","36993","HAR"
"723","Anika Sinha","90","39397","DLI"
"724","Player Name","RankPlayer NamePlayer IDStateRanking PointsGrand Total","Player ID","State"
"725","Priya Devi Konjengbam","1","23088","MNP"
"726","Khushi Gupta","2","8316","DLI"
"727","Varshini V. S.","3","7190","TN"
"728","Arulbala R.","3","19413","TN"
"729","Kavya Gupta","4","14998","DLI"
"730","Deepshikha Singh","5","17509","DLI"
"731","Ridhi Kaur Toor","6","18440","HAR"
"732","Shikha Gautam","7","4108","KTK"
"733","Anagha Pai","8","16217","TS"
"734","Kanika Kanwal","9","3156","RLY"
"735","Simran Singhi","10","5562","MAH"
"736","Ritika Thaker","10","6055","MAH"
"737","Mahi Naresh","11","17815","UP"
"738","Diksha  Choudhary","12","3596","CG"
"739","Navdha Manglam ","12","21608","DLI"
"740","Shivani Santosh Singh","13","8213","HAR"
"741","Mamaikya Lanka","13","17864","AP"
"742","Akanksha Matte","13","18649","AP"
"743","Arathi Sara  Sunil","14","2792","KER"
"744","Anura Prabhudesai","15","2957","GOA"
"745","Riya Mookerjee","15","3277","RLY"
"746","Shruti Mishra","16","9640","UP"
"747","Diya Arun","17","9535","KER"
"748","Archana Varghese","17","20556","KER"
"749","Samriddhi Singh","18","13314","UP"
"750","Sonali Singh","18","17824","UP"
"751","Shailja Shukla","19","9930","UP"
"752","Rutaparna Panda","20","6343","PSPB"
"753","Swetaparna Panda","20","14503","ORI"
"754","Ashwini Bhat K. ","21","4011","KTK"
"755","Priyanka Pant","22","19651","MP"
"756","Gayatri Gopichand Pullela","23","8590","TS"
"757","Treesa Jolly","23","10709","KER"
"758","Nila V. ","24","3659","TN"
"759","Ashwini  Ponnappa","25","962","PET"
"760","Tanisha Crasto","25","24286","GOA"
"761","Anagha Karandikar","26","17585","MAH"
"762","Aishwarya Mehta","27","22472","MP"
"763","Maneesha  K. ","28","2408","RBI"
"764","Ramya C.V.","29","11021","KTK"
"765","Sonika Sai P. ","30","3879","AP"
"766","Shriyanshi Valishetty","31","17479","TS"
"767","Gloria Athavale V.","32","17147","KTK"
"768","Rashmi Ganesh","32","19620","KTK"
"769","Dhanyaa N.","33","18476","TN"
"770","Shriyanshi  Pardeshi","34","2418","MP"
"771","Rasika Raje","35","3534","RBI"
"772","Divya B. R.","36","9533","KER"
"773","Yogita Salve","37","21194","MAH"
"774","Harika V. ","38","2938","TS"
"775","Anusha C.S","39","11554","TN"
"776","Reeva Evangelin M.","39","14575","TN"
"777","Rageshri Garg","40","12353","UTR"
"778","Anamika Singh","41","24086","MAH"
"779","Ekata  Kalia","42","3033","HAR"
"780","Maini Boruah","43","9988","ASM"
"781","Gowrikrishna T.R.","44","17721","KER"
"782","Unnati Jaral ,","45","22504","J&K"
"783","Krishika Mahajan","45","28849","J&K"
"784","Vennala K.","46","18954","TS"
"785","Riduvarshini Ramasamy","46","36742","TN"
"786","Apeksha  Nayak","47","4000","KTK"
"787","Divyanshi Sharma","48","10835","UTR"
"788","Bharti Pal","49","15273","DLI"
"789","Aparna  Balan","50","187","PET"
"790","Sneha Rajwar","51","13510","UTR"
"791","Gagana N.S. ","52","8883","KTK"
"792","Gayathri Nambiar","52","16263","KER"
"793","Surya Charishma Tamiri","53","18137","AP"
"794","Ishu Malik","54","36992","HAR"
"795","Tanu Malik","54","36993","HAR"
"796","Khushi Thakkar","55","13610","DLI"
"797","Deepta   S.","55","16831","TN"
"798","Vaishnavi Khadkekar","55","19680","TS"
"799","Unnati Hooda","56","18296","HAR"
"800","Palak Arora","56","18381","HAR"
"801","Ningshi Block  Hazarika","57","3112","CAG"
"802","Amrutha P.","58","14858","KTK"
"803","Tanvi Sharma","58","18035","PNB"
"804","Pinky Karki","59","5632","ANP"
"805","Yashica ,","59","15792","HAR"
"806","Ishani Waldia","60","18048","DLI"
"807","Maheshwari Devi Kshetrimayum","60","19221","MNP"
"808","Pooja D.","61","5690","AP"
"809","Thanushree R.","61","6674","TN"
"810","Ashritha Kandula","61","17448","TS"
"811","Rashmitha Donepudi","62","15991","AP"
"812","Mehreen Riza","63","7252","KER"
"813","Sania Sikkandar","63","23547","TN"
"814","Rijul Saini","63","24832","HAR"
"815","Poorvisha  S. Ram ","64","2883","RBI"
"816","Pranjal Prabhu  Chimulkar","64","3964","GOA"
"817","Saumya Singh","64","7771","GUJ"
"818","Shrishti Gupta","64","8389","MP"
"819","Radhika Sharma","64","13809","PNB"
"820","Sakshi Gahlawat","64","15782","HAR"
"821","Keerthika C.H.","64","17551","KER"
"822","Sri Sai Sravya Lakkamraju","64","18268","TS"
"823","Bhargavi K.","65","5699","TS"
"824","Gayathri Rani Jaiswal","66","14197","KTK"
"825","Mahek Nayak","66","19043","MAH"
"826","Trisha Hegde","67","7142","KTK"
"827","Nikkita Joseph","68","7646","MAH"
"828","Sonali Mirkhelkar","68","21985","MAH"
"829","Sikki Reddy N.","69","1835","PET"
"830","Himanshi Rawat","70","5174","UTR"
"831","Akshita  A.","70","5677","AP"
"832","Nayana Oasis ","70","16325","KER"
"833","Deethya ,","71","5874","KTK"
"834","Ananya Praveen","71","9385","KTK"
"835","Prerna Shet","71","20944","KTK"
"836","Manya Ralhan","71","21416","PNB"
"837","Apoorva ,","71","26068","HAR"
"838","Somibala Devi M.","72","660","MNP"
"839","Vaishnavi K.","72","5701","TS"
"840","Yania Taring","72","5785","ANP"
"841","Manisha Rani Tirkey","72","6334","JAR"
"842","Deyashi Kanjibillya","72","6336","JAR"
"843","Ishita Kumar Manchander","72","7447","CHG"
"844","Nikita ,","72","8566","HAR"
"845","Arpita Malik","72","15005","CHG"
"846","Vilinda Chanu Huidrom","72","17770","MNP"
"847","Tashi Choden Gurung ","72","25778","SKM"
"848","Lalrempuii ,","72","35382","MIZ"
"849","Lalthazuali Abigail","72","35384","MIZ"
"850","Shekhotolu Puro","72","37439","NAG"
"851","Tovali Shohe","72","40987","NAG"
"852","Rinzing Uden Bhutia","72","45667","SKM"
"853","Thulasi P. C. ","73","1585","PET"
"854","Nimar Kaur Virk","73","36174","CHG"
"855","Sudha Kalyani D. ","74","2884","CAG"
"856","Shenan Christian","74","3493","GUJ"
"857","Gauri Chitte","74","10425","MP"
"858","Swati  Solanki","74","18931","MP"
"859","Kazmeen Khan","74","19122","RAJ"
"860","Saloni Kumari","74","20827","BHR"
"861","Karishma Khardikar","74","21104","CG"
"862","Anees Kowser J. ","75","746","TN"
"863","Bornali  Konwar","75","2952","ASM"
"864","Yuti Gajjar","75","9582","GUJ"
"865","Uthsava Palit","75","9880","WB"
"866","Poojitha Goudi Cherla","75","10801","TS"
"867","Jayashree G.","75","12019","KTK"
"868","Farhana K.","75","13294","TN"
"869","Nardhana V.R.","75","16270","TN"
"870","Karnika Sree S.","75","16386","KTK"
"871","Anjali Dilish","75","19795","KTK"
"872","Vanshika Chhiba","75","21279","RAJ"
"873","Prashanthi Reddy Tummuru","75","26513","TS"
"874","Alisha Mahmood Khan","75","30634","MAH"
"875","Lalita Dahiya","76","3172","HAR"
"876","Ramya Tulasi B. V.","76","3661","TN"
"877","Shiwangi  Singh","76","4278","UP"
"878","Shruti Mundada","76","5058","MAH"
"879","Krishna Priya Sujith P.","76","9462","KER"
"880","Tanishka Deshpande","76","11535","MAH"
"881","Aadya Variyath","76","11762","KER"
"882","Akshaya Arumugam","76","14758","TN"
"883","Srinitya Naraharisetti","76","18054","AP"
"884","Dharuniga S. ","76","19414","TN"
"885","Deepali  Gupta","77","2954","CG"
"886","Ashna  Roy","77","3934","KER"
"887","Dipti Kuity","77","5175","GUJ"
"888","Agnus Swapna S.","77","9949","PY"
"889","Prerna Dawar","77","10720","PNB"
"890","Simran Singh","77","10791","BHR"
"891","Anushree Mahanta","77","13195","ASM"
"892","Seema Sharma","77","13592","RAJ"
"893","Atmajayita Ray Barman","77","15436","TPR"
"894","Anuja Das Mohapatra","77","19238","ORI"
"895","Harshita Agrawal","77","20208","CG"
"896","Vidhiya T.","77","21262","PY"
"897","Arunima Pal","77","21755","PNB"
"898","Gunzan Gongo","77","22250","ANP"
"899","Sejjal Joshi","77","22433","MEG"
"900","Sheetal Joshi","77","22434","MEG"
"901","Purba Pratyasha Panda","77","22454","ORI"
"902","Sayani Sarkar","77","22834","WB"
"903","Sohini Banerjee","77","25033","WB"
"904","Muskaan Chatterjee","77","29504","WB"
"905","Prabha Wati S.","77","31457","A&N"
"906","Shreya Singh","77","31606","WB"
"907","Montilly Pul","77","32091","ANP"
"908","Mayuri Barman","77","35295","ASM"
"909","Pooja G.","77","45670","A&N"
"910","Leela Lakshmi R. ","78","1599","AP"
"911","Akshaya  Warang","78","3220","MAH"
"912","Aswathi  N. ","78","3772","KER"
"913","Yajum  Laa","78","3945","ANP"
"914","Megha  Bora Morchana ","78","3947","ASM"
"915","Manidipa Dey","78","6697","WB"
"916","Mayuri Yadav","78","8088","UP"
"917","Taneesha Singh","78","9641","UP"
"918","Mrunmayee Deshpande","78","9712","MAH"
"919","Sanyan Gangwal","78","11938","MAH"
"920","Shreeya Chitoor","78","11983","TS"
"921","Kanishka G.","78","12646","TN"
"922","Praveena S.","78","12880","TN"
"923","Priyanka Kanwal","78","13444","UTR"
"924","Shreya Tiwari","78","15696","WB"
"925","Jerlin Anika J.","78","16805","TN"
"926","Saanvi Mukadam","78","17397","MAH"
"927","Prerana Alvekar","78","17588","MAH"
"928","Nishu Rapria","78","17622","HAR"
"929","Niki Rapria","78","17624","HAR"
"930","Saad Dharmadhikari","78","18407","MAH"
"931","Kritika Mittal","78","18711","HAR"
"932","Hetal Vishwakarma","78","18951","MAH"
"933","Tanisha Joshi N.","78","19227","GUJ"
"934","Aradhana ,","78","20375","KTK"
"935","Siya Singh","78","20456","MAH"
"936","Prutha Dekate","78","20653","MAH"
"937","Sri Vyshnavi S.V.S.","78","20985","TS"
"938","Jahnavi Nammi","78","21211","AP"
"939","Muskaan Khan","78","21476","KTK"
"940","Maheshwari G.","78","22526","TS"
"941","Chitwan Khatri","78","23768","HAR"
"942","Manjari Roy","78","24266","KER"
"943","Shreya Balaji","78","24914","TN"
"944","Pranika Holkar","78","25088","MP"
"945","Ishita Korgaonkar","78","25304","MAH"
"946","A Bhonsle Driti","78","25746","TS"
"947","Saniya Tapkir","78","25855","MAH"
"948","Naina Chauhan","78","28585","DLI"
"949","Tanvi Kalyandurg","78","28771","TS"
"950","Dharni Nekkanti","78","29689","AP"
"951","Vaishnavi Vazhayil","78","31020","AP"
"952","Yanshika Sharma","78","31879","DLI"
"953","Tanisha Singh","78","34395","RAJ"
"954","Subanghi ,","78","35327","DLI"
"955","Zenith Abbigail","78","36689","DLI"
"956","Anika Sinha","78","39397","DLI"
"957","Anushka Gaur","78","40353","UP"
"958","Sanju Kumari","78","42233","RAJ"
"959","Mahi Gumber","78","42462","UP"
"960","Player Name","RankPlayer NamePlayer IDStateRanking PointsGrand Total","Player ID","State"
"961","Maneesha  K.","1","2408","RBI"
"962","Hemanagendra Babu T.","2","2924","RLY"
"963","Kanika Kanwal","2","3156","RLY"
"964","Navaneeth  Bokka","3","6069","TS"
"965","Priya Devi Konjengbam","3","23088","MNP"
"966","Siddarth Elango","4","5804","TS"
"967","Khushi Gupta","5","8316","DLI"
"968","Kavya Gupta","6","14998","DLI"
"969","Chayanit Joshi","7","6263","UTR"
"970","Ridhi Kaur Toor","8","18440","HAR"
"971","Deep Rambhiya","9","6123","MAH"
"972","Manali Bora","10","15893","ASM"
"973","Suraj Goala","10","18860","ASM"
"974","Dhruv Rawat","11","6262","UTR"
"975","Nithin H.V. ","12","11082","KTK"
"976","Nitin Kumar","13","8872","DLI"
"977","Ramya Venkatesh","14","11021","KTK"
"978","Navdha Manglam ","15","21608","DLI"
"979","Gouse Shaik","16","13614","AP"
"980","Pooja D.","17","5690","AP"
"981","Diya Arun","18","9535","KER"
"982","Rohit R. Jayakumar","18","19012","KER"
"983","Arjun Kumar Reddy M.","19","1993","CAG"
"984","Akshit  Mahajan","20","1567","HAR"
"985","Dingku Sing Konthoujam","21","15202","MNP"
"986","Anagha Karandikar","22","17585","MAH"
"987","Mahi Naresh","23","17815","UP"
"988","Aravind V.Suresh","24","12208","KER"
"989","Tanisha Crasto","25","24286","GOA"
"990","Mohamed Rehan R. ","26","576","TN"
"991","Anees Kowser J. ","26","746","TN"
"992","Sumeeth Reddy B.","26","1570","TS"
"993","Anagha Pai","27","16217","TS"
"994","Pavithra Naveen","28","19134","KER"
"995","Nila V. ","29","3659","TN"
"996","Diksha  Choudhary","30","3596","CG"
"997","Ayush  Makhija","30","20630","CG"
"998","Shivani Santosh Singh","31","8213","HAR"
"999","Nazeer Khan A.","32","7164","TN"
"1000","Vaishnavi Khadkekar","33","19680","TS"
"1001","Edwin Joy","34","12206","KER"
"1002","Devashri P.M.","35","22676","TN"
"1003","Anusha C.S","36","11554","TN"
"1004","Varshini V. S.","37","7190","TN"
"1005","Hariharan Amsakarunan","37","30079","TN"
"1006","Samarveer ,","38","22313","CHG"
"1007","Ayush Agarwal","39","23931","UP"
"1008","Aparna  Balan","40","187","PET"
"1009","Balraj Kajla","41","6884","HAR"
"1010","Ishaan Bhatnagar","42","8959","AI"
"1011","Arjunkrishnan Rajaram","43","22395","TN"
"1012","Manjari Roy","43","24266","KER"
"1013","Adhin K. Ajay","43","37634","KER"
"1014","Aadya Variyath","44","11762","TN"
"1015","Sathish Kumar K.","44","12604","TN"
"1016","Nardhana V.R.","44","16270","TN"
"1017","Dhileepan V.","45","25109","TN"
"1018","Sikki Reddy N.","46","1835","PET"
"1019","Sathwik Reddy K.","47","14262","TS"
"1020","Akshaya  Warang","48","3220","MAH"
"1021","Radhika Sharma","49","13809","PNB"
"1022","Sunjith S.","50","2996","KER"
"1023","Amrutha P.","50","14858","KTK"
"1024","Abhyuday Choudhary","51","24835","RAJ"
"1025","Ashwini Bhat K. ","52","4011","KTK"
"1026","Sai Pratheek K.","52","4255","KTK"
"1027","Manjit Singh Khwairakpam","52","13312","MNP"
"1028","Gowrikrishna T.R.","52","17721","KER"
"1029","Juhi Dewangan","53","2232","CG"
"1030","Rohan Kapoor","53","2927","DLI"
"1031","Venket Gaurav Prasad","53","8325","CG"
"1032","Rageshri Garg","53","12353","UTR"
"1033","Hemendrasing Rajput","53","13427","GUJ"
"1034","Janani Ananthakumar","53","14688","KTK"
"1035","Sohail Ahmed","53","18625","UTR"
"1036","Tanisha Joshi N.","53","19227","GUJ"
"1037","Isharani Baruah","53","21496","ASM"
"1038","Rijul Saini","53","24832","HAR"
"1039","Yash  Raikwar","54","4053","MP"
"1040","Riya Mookerjee","55","3277","RLY"
"1041","Trisha Hegde","55","7142","KTK"
"1042","Harika V.","56","2938","TS"
"1043","Sanjai Srivatsa D.","56","4508","PY"
"1044","Vinay Kumar Singh","56","6330","CAG"
"1045","Arulbala R.","56","19413","TN"
"1046","Chirag Sharma","56","20324","PNB"
"1047","Vanshika Chhiba","56","21279","RAJ"
"1048","Santhosh Gajendran","56","21885","TN"
"1049","Aarti Chougale ","57","17878","MAH"
"1050","Pranjal Prabhu  Chimulkar","58","3964","GOA"
"1051","Vighnesh Devlekar","58","3981","MAH"
"1052","Hari Bharathi B.","58","14054","TN"
"1053","Kushal Raj S.","58","16364","KTK"
"1054","Dhanyaa N.","58","18476","TN"
"1055","Vimalraj A.","59","5820","TN"
"1056","Gagana N.S. ","59","8883","KTK"
"1057","Tushar Sharma","60","6253","CAG"
"1058","Archana Varghese","60","20556","KER"
"1059","Pruthvi Roy K.","61","11080","KTK"
"1060","Vikas  Yadav","62","5334","GOA"
"1061","Brijesh Yadav","62","8500","UP"
"1062","Divya B. R.","62","9533","KER"
"1063","Shailja Shukla","62","9930","UP"
"1064","Vishnu Sreekumar","62","19011","KER"
"1065","Mohammad Amaan ","62","20544","RAJ"
"1066","Vembarasan V. ","63","3643","TN"
"1067","Poornima Ch. ","63","3849","TS"
"1068","Shikha Gautam","63","4108","KTK"
"1069","Ashith Surya","63","6992","KTK"
"1070","Shruti Mishra","63","9640","UP"
"1071","Prutha Dekate","63","20653","MAH"
"1072","Abhimanyu Singh","64","1551","MP"
"1073","Chaitanya Reddy K.","64","2382","RLY"
"1074","Apeksha  Nayak","64","4000","KTK"
"1075","Lokeshwaran R.","64","5782","PY"
"1076","Yania Taring","64","5785","ANP"
"1077","Kiran Kumar G.","64","5841","KTK"
"1078","Preethi K. ","64","6082","AP"
"1079","Tejan Fallary","64","6425","GOA"
"1080","Agnus Swapna S.","64","9949","PY"
"1081","Princhee Das","64","10003","ASM"
"1082","Manmohit Sandhu","64","11617","PNB"
"1083","Angshuman Gogoi","64","11916","ASM"
"1084","Yasmin Sayed","64","13525","GOA"
"1085","Advit Bhargava","64","15578","DLI"
"1086","Vanlalringngheta Joseph","64","15686","MIZ"
"1087","Anuja Das Mohapatra","64","19238","ORI"
"1088","Jaji Charu","64","21418","ANP"
"1089","Pranika Holkar","64","25088","MP"
"1090","Abinash Mohanty","64","26467","ORI"
"1091","Lalrempuii ,","64","35382","MIZ"
"1092","Varad Gajbhiye","64","37377","MAH"
"1093","Ashwini  Ponnappa","65","962","PET"
"1094","Shivam  Sharma","65","2542","RBI"
"1095","Poorvisha  S. Ram ","65","2883","RBI"
"1096","Aman Farogh Sanjay","65","3982","AI"
"1097","Manjush Mohan  K. K. ","66","3314","CAG"
"1098","Kevin Wong C.C","66","4452","CHG"
"1099","Rashmitha Donepudi","66","15991","AP"
"1100","Venkata Harsha Vardhan Rayudu V.","66","21644","AP"
"1101","Ningshi Block  Hazarika","67","3112","CAG"
"1102","Lalita Dahiya","67","3172","HAR"
"1103","Shrishti Gupta","67","8389","MP"
"1104","Mohit  Goury","67","9741","HAR"
"1105","Sai Satya Sarvesh Yakala","67","10408","PY"
"1106","Praveena S.","67","12880","TN"
"1107","Prerana Neeluri","67","14314","KTK"
"1108","Harsh  Rana","67","15819","DLI"
"1109","Ruban Kumar R.","67","16770","TN"
"1110","Eshaan Duggal","67","17544","DLI"
"1111","Manya Ralhan","67","21416","PNB"
"1112","Ahillya  Harjani","68","4337","MAH"
"1113","Himanshi Rawat","68","5174","UTR"
"1114","Simran Singhi","68","5562","MAH"
"1115","Swapnil Sagar Mali","68","5790","CG"
"1116","Ritika Thaker","68","6055","MAH"
"1117","Sankarprasad Udayakumar","68","7254","KER"
"1118","Ajinkya Patharkar","68","7788","MAH"
"1119","Navin Prasanth E.","68","7905","TN"
"1120","Sabreeshwaran H.","68","10686","TN"
"1121","Mayank Rana","68","12725","HAR"
"1122","Pratik Ranade","68","12935","MAH"
"1123","Priyanka Kanwal","68","13444","UTR"
"1124","Bhavya Chhabra","68","16245","UP"
"1125","Ayush Raj Gupta","68","16982","UP"
"1126","Srinidhi N.","68","18464","TN"
"1127","Mahek Nayak","68","19043","MAH"
"1128","Dharuniga S. ","68","19414","TN"
"1129","Pragya Katara","68","21275","RAJ"
"1130","Sruti Swain","68","25414","ORI"
"1131","Saniya Tapkir","68","25855","MAH"
"1132","Apoorva ,","68","26068","HAR"
"1133","Kaviya S. ,","68","33013","TN"
"1134","Prince Singh","68","39067","UP"
"1135","Barma Meena","69","1041","CAG"
"1136","Subramanian S. ","69","2483","TN"
"1137","Pallab Bose","69","2725","WB"
"1138","Keifer  Shullai","69","2780","MEG"
"1139","Ekumyala ,","69","3244","NAG"
"1140","Megha  Bora Morchana ","69","3947","ASM"
"1141","Shiwangi  Singh","69","4278","UP"
"1142","Manisha Rani Tirkey","69","6334","JAR"
"1143","Ishita Kumar Manchander","69","7447","CHG"
"1144","Maithili Pal","69","9740","TPR"
"1145","Anuprabha R.","69","10376","TN"
"1146","Sujey Tamboli","69","10627","CG"
"1147","Vikehietuo Kense","69","10693","NAG"
"1148","Abhijit Gogoi","69","11884","ASM"
"1149","Akanksha Pandey","69","13556","BHR"
"1150","Balkeshwari Yadav","69","15269","UP"
"1151","Himanshu Khatana","69","15820","RAJ"
"1152","Sidharath Bhushan","69","17782","BHR"
"1153","Priya Devi Moirangthem","69","19223","MNP"
"1154","Sakshi Phogat","69","19315","RAJ"
"1155","Tanya Mallick","69","21322","CG"
"1156","Aishwarya Mehta","69","22472","MP"
"1157","Rahul Azaad Talluri","69","22744","TS"
"1158","Selina Rai","69","23467","SKM"
"1159","Rajkumar Sasikumar","69","25110","TN"
"1160","Elsarica Umdor","69","26594","MEG"
"1161","Krishika Mahajan","69","28849","J&K"
"1162","Muskaan Chatterjee","69","29504","WB"
"1163","Ruby Katnoria","69","31668","HP"
"1164","Pranav Chandel","69","31884","HP"
"1165","Bhavya Sharma","69","32403","J&K"
"1166","Kusal Lama","69","33192","SKM"
"1167","Binay Mahto","69","34054","JAR"
"1168","Ronel Singh Thoxchom","69","39911","MNP"
"1169","Tarun K. ","70","831","PET"
"1170","Ruth Misha Vinod","70","938","KTK"
"1171","Sri Krishna Priya K. ","70","3658","RBI"
"1172","Aswathi  N. ","70","3772","KER"
"1173","Ashna  Roy","70","3934","KER"
"1174","Lokesh V. ","70","3971","TN"
"1175","Aman  Kumar","70","4788","HAR"
"1176","Hardik Makkar","70","5435","HAR"
"1177","Akshita  A.","70","5677","AP"
"1178","Vasantha Kumar H. R.","70","5837","KTK"
"1179","Deethya ,","70","5874","KTK"
"1180","Sai Pavan Karri","70","7477","AP"
"1181","Kush Chugh","70","8310","HAR"
"1182","Nikita ,","70","8566","HAR"
"1183","Tejas S.","70","8656","KTK"
"1184","Krishna Priya Sujith P.","70","9462","KER"
"1185","Mani Gandan R.","70","9529","TN"
"1186","Prakash Raj S.","70","12020","KTK"
"1187","Abhinn Vasisth","70","12260","HAR"
"1188","Samriddhi Singh","70","13314","UP"
"1189","Chiranjeevi Reddy S.","70","14841","KTK"
"1190","Chirag Arora","70","15395","DLI"
"1191","Hiral Chouhan","70","15869","CG"
"1192","Ayushi Dodhwal","70","16031","DLI"
"1193","Garv Sahni","70","16095","UTR"
"1194","Gayathri Nambiar","70","16263","KER"
"1195","Sanusree K.S.","70","16326","KER"
"1196","Maxen Dain","70","16337","KER"
"1197","Abhinay Sairam Ganta","70","16537","TS"
"1198","Jerlin Anika J.","70","16805","TN"
"1199","Tushar Gagneja","70","17393","UP"
"1200","Deepshikha Singh","70","17509","DLI"
"1201","Vaibhav B.S.","70","17630","KTK"
"1202","Sonali Singh","70","17824","UP"
"1203","Mamaikya Lanka","70","17864","AP"
"1204","Gireesh Nayudu B.","70","17900","AI"
"1205","Amatul Malik Tooba ,","70","18721","TS"
"1206","Bharath Sanjai S.","70","19048","TN"
"1207","Rashmi Ganesh","70","19620","KTK"
"1208","Chandra Gopinadh P.","70","19627","AP"
"1209","Varshath S.J.","70","19988","TN"
"1210","Nitheesha Rajesh","70","20084","TN"
"1211","Aradhana ,","70","20375","KTK"
"1212","Sutanwi Sarkar","70","20713","WB"
"1213","Brinda Shinde","70","20718","GUJ"
"1214","Yogita Salve","70","21194","MAH"
"1215","Vedant Sharma","70","21205","RAJ"
"1216","Kanika Balhara","70","21735","HAR"
"1217","Sonali Mirkhelkar","70","21985","MAH"
"1218","Ajithesh Kishan Komal Noonela","70","21998","AP"
"1219","Harshvardhan Kothari","70","22021","KTK"
"1220","Himanshi Dhingra","70","22309","CHG"
"1221","Abhishek Mondalika Venkat","70","22443","CG"
"1222","Shreyas Sane","70","22511","MAH"
"1223","Shivani Pillai","70","23235","CG"
"1224","Sania Sikkandar","70","23547","TN"
"1225","Pruthvi Koka","70","23997","TS"
"1226","Aanchal Jain","70","25056","KTK"
"1227","Pradeep  Chaudhary","70","28409","UP"
"1228","Animesh Ghate","70","31302","MAH"
"1229","Mridul Jha","70","31711","PNB"
"1230","Shiven Sharma","70","32047","HAR"
"1231","Sai Venkata Hema Setti","70","36790","AP"
"1232","Hakimoddin Ansari","70","40364","MAH"
